#Inserting data into table "Region"
SELECT * FROM Region;
INSERT INTO Region (RegionPincode, RegionName) VALUES ("190001", "Srinagar");
INSERT INTO Region (RegionPincode, RegionName) VALUES ("171001", "Shimla");
INSERT INTO Region (RegionPincode, RegionName) VALUES ("133301", "Chandigarh");
INSERT INTO Region (RegionPincode, RegionName) VALUES ("134107", "Panchkula");
INSERT INTO Region (RegionPincode, RegionName) VALUES ("110001", "Delhi");
INSERT INTO Region (RegionPincode, RegionName) VALUES ("248001", "Dehradun");
INSERT INTO Region (RegionPincode, RegionName) VALUES ("226001", "Lucknow");
INSERT INTO Region (RegionPincode, RegionName) VALUES ("302001", "Jaipur");
INSERT INTO Region (RegionPincode, RegionName) VALUES ("800001", "Patna");
INSERT INTO Region (RegionPincode, RegionName) VALUES ("382002", "Gandhinagar");
INSERT INTO Region (RegionPincode, RegionName) VALUES ("462001", "Bhopal");
INSERT INTO Region (RegionPincode, RegionName) VALUES ("490042", "Raipur");
INSERT INTO Region (RegionPincode, RegionName) VALUES ("834001", "Ranchi");
INSERT INTO Region (RegionPincode, RegionName) VALUES ("700001", "Kolkata");
INSERT INTO Region (RegionPincode, RegionName) VALUES ("750017", "Bubaneswar");
INSERT INTO Region (RegionPincode, RegionName) VALUES ("500001", "Telangana");
INSERT INTO Region (RegionPincode, RegionName) VALUES ("400001", "Mumbai");
INSERT INTO Region (RegionPincode, RegionName) VALUES ("444601", "Amaravati");
INSERT INTO Region (RegionPincode, RegionName) VALUES ("530068", "Bangalore");
INSERT INTO Region (RegionPincode, RegionName) VALUES ("403001", "Panaji");
INSERT INTO Region (RegionPincode, RegionName) VALUES ("605036", "Thiruvananthapuram");
INSERT INTO Region (RegionPincode, RegionName) VALUES ("600001", "Chennai");
INSERT INTO Region (RegionPincode, RegionName) VALUES ("737101", "Gangtok");
INSERT INTO Region (RegionPincode, RegionName) VALUES ("791111", "Itanagar");
INSERT INTO Region (RegionPincode, RegionName) VALUES ("781005", "Dispur");
INSERT INTO Region (RegionPincode, RegionName) VALUES ("793001", "Shillong");
INSERT INTO Region (RegionPincode, RegionName) VALUES ("797001", "Kohima");
INSERT INTO Region (RegionPincode, RegionName) VALUES ("796001", "Aizwal");


# Inseting data Table "Brands"
SELECT * FROM Brands;
INSERT INTO Brands(BrandName) VALUES("Honda");
INSERT INTO Brands(BrandName) VALUES("TVS");

#Inserting data into Table "Dealership"
SELECT * FROM Dealership;

# Inserting values of Honda Dealers
INSERT INTO Dealership (RegionID, RegionPincode, BrandID, DealershipName) VALUES ("1", '190001', '1', 'Arise Honda');
INSERT INTO Dealership (RegionID, RegionPincode, BrandID, DealershipName) VALUES ("2", '171001', '1', 'Himalayan Honda');
INSERT INTO Dealership (RegionID, RegionPincode, BrandID, DealershipName) VALUES ("3", '133301', '1', 'Harmony Honda');
INSERT INTO Dealership (RegionID, RegionPincode, BrandID, DealershipName) VALUES ("4", '134107', '1', 'krishna Honda');
INSERT INTO Dealership (RegionID, RegionPincode, BrandID, DealershipName) VALUES ("5", '110001', '1', 'Ring Road Honda');
INSERT INTO Dealership (RegionID, RegionPincode, BrandID, DealershipName) VALUES ("6", '248001', '1', 'Admire Honda');
INSERT INTO Dealership (RegionID, RegionPincode, BrandID, DealershipName) VALUES ("7", '226001', '1', 'Areceli Honda');
INSERT INTO Dealership (RegionID, RegionPincode, BrandID, DealershipName) VALUES ("8", '302001', '1', 'Tristar Honda');
INSERT INTO Dealership (RegionID, RegionPincode, BrandID, DealershipName) VALUES ("9", '800001', '1', 'Pahadiya Honda');
INSERT INTO Dealership (RegionID, RegionPincode, BrandID, DealershipName) VALUES ("10", '382002', '1', 'Cartec Honda');
INSERT INTO Dealership (RegionID, RegionPincode, BrandID, DealershipName) VALUES ("11", '462001', '1', 'Abhikaran Honda');
INSERT INTO Dealership (RegionID, RegionPincode, BrandID, DealershipName) VALUES ("12", '490042', '1', 'Shubh Honda');
INSERT INTO Dealership (RegionID, RegionPincode, BrandID, DealershipName) VALUES ("13", '834001', '1', 'Horizon Honda');
INSERT INTO Dealership (RegionID, RegionPincode, BrandID, DealershipName) VALUES ("14", '700001', '1', 'Eastern Honda');
INSERT INTO Dealership (RegionID, RegionPincode, BrandID, DealershipName) VALUES ("15", '750017', '1', 'Shivam Honda');
INSERT INTO Dealership (RegionID, RegionPincode, BrandID, DealershipName) VALUES ("16", '500001', '1', 'kakatiya Honda');
INSERT INTO Dealership (RegionID, RegionPincode, BrandID, DealershipName) VALUES ("17", '400001', '1', 'Kanchan Honda');
INSERT INTO Dealership (RegionID, RegionPincode, BrandID, DealershipName) VALUES ("18", '444601', '1', 'Hero Honda');
INSERT INTO Dealership (RegionID, RegionPincode, BrandID, DealershipName) VALUES ("19", '530068', '1', 'Saphire Honda');
INSERT INTO Dealership (RegionID, RegionPincode, BrandID, DealershipName) VALUES ("20", '403001', '1', 'Coastal Honda');
INSERT INTO Dealership (RegionID, RegionPincode, BrandID, DealershipName) VALUES ("21", '605036', '1', 'EVM Honda');
INSERT INTO Dealership (RegionID, RegionPincode, BrandID, DealershipName) VALUES ("22", '600001', '1', 'Honda Showroom');
INSERT INTO Dealership (RegionID, RegionPincode, BrandID, DealershipName) VALUES ("23", '737101', '1', 'Lingding Motors');
INSERT INTO Dealership (RegionID, RegionPincode, BrandID, DealershipName) VALUES ("24", '791111', '1', 'Gm Automobiles');
INSERT INTO Dealership (RegionID, RegionPincode, BrandID, DealershipName) VALUES ("25", '781005', '1', 'Bimal Auto House');
INSERT INTO Dealership (RegionID, RegionPincode, BrandID, DealershipName) VALUES ("26", '793001', '1', 'Auto Spare House');
INSERT INTO Dealership (RegionID, RegionPincode, BrandID, DealershipName) VALUES ("27", '797001', '1', 'Inspire Enterprises');
INSERT INTO Dealership (RegionID, RegionPincode, BrandID, DealershipName) VALUES ("28", '796001', '1', 'Zote Honda');

#Insering values of TVS dealers
INSERT INTO Dealership (RegionID, RegionPincode, BrandID, DealershipName) VALUES ("1", '190001', '2', 'United Motors');
INSERT INTO Dealership (RegionID, RegionPincode, BrandID, DealershipName) VALUES ("2", '171001', '2', 'Lovnesh Motors');
INSERT INTO Dealership (RegionID, RegionPincode, BrandID, DealershipName) VALUES ("3", '133301', '2', 'Auto Links');
INSERT INTO Dealership (RegionID, RegionPincode, BrandID, DealershipName) VALUES ("4", '134107', '2', 'Ekam Auto Point');
INSERT INTO Dealership (RegionID, RegionPincode, BrandID, DealershipName) VALUES ("5", '110001', '2', 'TVS - SK');
INSERT INTO Dealership (RegionID, RegionPincode, BrandID, DealershipName) VALUES ("6", '248001', '2', 'Doon Motorstore LLP');
INSERT INTO Dealership (RegionID, RegionPincode, BrandID, DealershipName) VALUES ("7", '226001', '2', 'TVS Trilok Singh & Co');
INSERT INTO Dealership (RegionID, RegionPincode, BrandID, DealershipName) VALUES ("8", '302001', '2', 'Shlok Motors');
INSERT INTO Dealership (RegionID, RegionPincode, BrandID, DealershipName) VALUES ("9", '800001', '2', 'KP Motors');
INSERT INTO Dealership (RegionID, RegionPincode, BrandID, DealershipName) VALUES ("10", '382002', '2', 'Darsh TVS');
INSERT INTO Dealership (RegionID, RegionPincode, BrandID, DealershipName) VALUES ("11", '462001', '2', 'Bhopal TVS');
INSERT INTO Dealership (RegionID, RegionPincode, BrandID, DealershipName) VALUES ("12", '490042', '2', 'Avvni Motors');
INSERT INTO Dealership (RegionID, RegionPincode, BrandID, DealershipName) VALUES ("13", '834001', '2', 'TVS - Sai Auto');
INSERT INTO Dealership (RegionID, RegionPincode, BrandID, DealershipName) VALUES ("14", '700001', '2', 'Subir Udyog Limited');
INSERT INTO Dealership (RegionID, RegionPincode, BrandID, DealershipName) VALUES ("15", '750017', '2', 'M/S Ashirbad Automobiles');
INSERT INTO Dealership (RegionID, RegionPincode, BrandID, DealershipName) VALUES ("16", '500001', '2', 'TVS Showroom');
INSERT INTO Dealership (RegionID, RegionPincode, BrandID, DealershipName) VALUES ("17", '400001', '2', 'Shree TVS');
INSERT INTO Dealership (RegionID, RegionPincode, BrandID, DealershipName) VALUES ("18", '444601', '2', 'Jadhaov Automobile');
INSERT INTO Dealership (RegionID, RegionPincode, BrandID, DealershipName) VALUES ("19", '530068', '2', 'Tristar Motors');
INSERT INTO Dealership (RegionID, RegionPincode, BrandID, DealershipName) VALUES ("20", '403001', '2', 'Sarur Motors');
INSERT INTO Dealership (RegionID, RegionPincode, BrandID, DealershipName) VALUES ("21", '605036', '2', 'Kathir Motors');
INSERT INTO Dealership (RegionID, RegionPincode, BrandID, DealershipName) VALUES ("22", '600001', '2', 'Dhira Motors');
INSERT INTO Dealership (RegionID, RegionPincode, BrandID, DealershipName) VALUES ("23", '737101', '2', 'ML Autmobiles');
INSERT INTO Dealership (RegionID, RegionPincode, BrandID, DealershipName) VALUES ("24", '791111', '2', 'KA TVS');
INSERT INTO Dealership (RegionID, RegionPincode, BrandID, DealershipName) VALUES ("25", '781005', '2', 'Savera Tvs');
INSERT INTO Dealership (RegionID, RegionPincode, BrandID, DealershipName) VALUES ("26", '793001', '2', 'Khongwir');
INSERT INTO Dealership (RegionID, RegionPincode, BrandID, DealershipName) VALUES ("27", '797001', '2', 'Dimapur Auto Work');
INSERT INTO Dealership (RegionID, RegionPincode, BrandID, DealershipName) VALUES ("28", '796001', '2', 'Tlau Agencies');

#Insering data into Table Vehicle
SELECT * FROM Vehicle;

#Inseritng Data for Brand ID 1
INSERT INTO Vehicle(DealershipID, BrandID, Make, Model, Price, ModelYear) VALUES ("1","1","Honda","Activa 5g","85000","2018");
INSERT INTO Vehicle(DealershipID, BrandID, Make, Model, Price, ModelYear) VALUES ("1","1","Honda","Avaitor","95000","2015");
INSERT INTO Vehicle(DealershipID, BrandID, Make, Model, Price, ModelYear) VALUES ("2","1","Honda","Activa DLX","77000","2013");
INSERT INTO Vehicle(DealershipID, BrandID, Make, Model, Price, ModelYear) VALUES ("3","1","Honda","Activa X-ADV","55000","2017");
INSERT INTO Vehicle(DealershipID, BrandID, Make, Model, Price, ModelYear) VALUES ("3","1","Honda","Activa 125","81000","2021");
INSERT INTO Vehicle(DealershipID, BrandID, Make, Model, Price, ModelYear) VALUES ("3","1","Honda","Dio","66000","2022");
INSERT INTO Vehicle(DealershipID, BrandID, Make, Model, Price, ModelYear) VALUES ("4","1","Honda","CT 125","82000","2017");
INSERT INTO Vehicle(DealershipID, BrandID, Make, Model, Price, ModelYear) VALUES ("4","1","Honda","Cliq","60000","2018");
INSERT INTO Vehicle(DealershipID, BrandID, Make, Model, Price, ModelYear) VALUES ("5","1","Honda","Beat","65000","2010");
INSERT INTO Vehicle(DealershipID, BrandID, Make, Model, Price, ModelYear) VALUES ("6","1","Honda","Activa STD","79000","2013");
INSERT INTO Vehicle(DealershipID, BrandID, Make, Model, Price, ModelYear) VALUES ("7","1","Honda","Forza 250","97000","2012");
INSERT INTO Vehicle(DealershipID, BrandID, Make, Model, Price, ModelYear) VALUES ("7","1","Honda","CHF50","50000","2014");
INSERT INTO Vehicle(DealershipID, BrandID, Make, Model, Price, ModelYear) VALUES ("8","1","Honda","Grazio 125","81000","2021");
INSERT INTO Vehicle(DealershipID, BrandID, Make, Model, Price, ModelYear) VALUES ("9","1","Honda","Activa 6g","105000","2022");
INSERT INTO Vehicle(DealershipID, BrandID, Make, Model, Price, ModelYear) VALUES ("10","1","Honda","Scoopy","73000","2019");
INSERT INTO Vehicle(DealershipID, BrandID, Make, Model, Price, ModelYear) VALUES ("10","1","Honda","Activa 5g","85000","2018");
INSERT INTO Vehicle(DealershipID, BrandID, Make, Model, Price, ModelYear) VALUES ("11","1","Honda","Activa 6g","105000","2022");
INSERT INTO Vehicle(DealershipID, BrandID, Make, Model, Price, ModelYear) VALUES ("11","1","Honda","Avaitor","95000","2015");
INSERT INTO Vehicle(DealershipID, BrandID, Make, Model, Price, ModelYear) VALUES ("11","1","Honda","Activa DLX","77000","2013");
INSERT INTO Vehicle(DealershipID, BrandID, Make, Model, Price, ModelYear) VALUES ("12","1","Honda","Activa X-ADV","55000","2017");
INSERT INTO Vehicle(DealershipID, BrandID, Make, Model, Price, ModelYear) VALUES ("13","1","Honda","Activa 125","81000","2021");
INSERT INTO Vehicle(DealershipID, BrandID, Make, Model, Price, ModelYear) VALUES ("14","1","Honda","Beat","65000","2010");
INSERT INTO Vehicle(DealershipID, BrandID, Make, Model, Price, ModelYear) VALUES ("15","1","Honda","Cliq","60000","2018");
INSERT INTO Vehicle(DealershipID, BrandID, Make, Model, Price, ModelYear) VALUES ("15","1","Honda","Forza 250","97000","2012");
INSERT INTO Vehicle(DealershipID, BrandID, Make, Model, Price, ModelYear) VALUES ("15","1","Honda","Grazia 125","81000","2021");
INSERT INTO Vehicle(DealershipID, BrandID, Make, Model, Price, ModelYear) VALUES ("16","1","Honda","Cliq","60000","2018");
INSERT INTO Vehicle(DealershipID, BrandID, Make, Model, Price, ModelYear) VALUES ("16","1","Honda","Avaitor","95000","2015");
INSERT INTO Vehicle(DealershipID, BrandID, Make, Model, Price, ModelYear) VALUES ("17","1","Honda","Activa STD","79000","2013");
INSERT INTO Vehicle(DealershipID, BrandID, Make, Model, Price, ModelYear) VALUES ("18","1","Honda","Activa 5g","85000","2018");
INSERT INTO Vehicle(DealershipID, BrandID, Make, Model, Price, ModelYear) VALUES ("19","1","Honda","Activa 6g","105000","2022");
INSERT INTO Vehicle(DealershipID, BrandID, Make, Model, Price, ModelYear) VALUES ("20","1","Honda","Activa 6g","105000","2022");
INSERT INTO Vehicle(DealershipID, BrandID, Make, Model, Price, ModelYear) VALUES ("20","1","Honda","Activa 5g","85000","2018");
INSERT INTO Vehicle(DealershipID, BrandID, Make, Model, Price, ModelYear) VALUES ("21","1","Honda","Activa 5g","85000","2018");
INSERT INTO Vehicle(DealershipID, BrandID, Make, Model, Price, ModelYear) VALUES ("22","1","Honda","Beat","65000","2010");
INSERT INTO Vehicle(DealershipID, BrandID, Make, Model, Price, ModelYear) VALUES ("22","1","Honda","Avaitor","95000","2015");
INSERT INTO Vehicle(DealershipID, BrandID, Make, Model, Price, ModelYear) VALUES ("22","1","Honda","Grazia 125","81000","2021");
INSERT INTO Vehicle(DealershipID, BrandID, Make, Model, Price, ModelYear) VALUES ("23","1","Honda","Forza 250","97000","2012");
INSERT INTO Vehicle(DealershipID, BrandID, Make, Model, Price, ModelYear) VALUES ("24","1","Honda","Activa 5g","85000","2018");
INSERT INTO Vehicle(DealershipID, BrandID, Make, Model, Price, ModelYear) VALUES ("25","1","Honda","Activa 6g","105000","2022");
INSERT INTO Vehicle(DealershipID, BrandID, Make, Model, Price, ModelYear) VALUES ("25","1","Honda","Beat","65000","2010");
INSERT INTO Vehicle(DealershipID, BrandID, Make, Model, Price, ModelYear) VALUES ("25","1","Honda","Activa STD","79000","2013");
INSERT INTO Vehicle(DealershipID, BrandID, Make, Model, Price, ModelYear) VALUES ("26","1","Honda","Cliq","60000","2018");
INSERT INTO Vehicle(DealershipID, BrandID, Make, Model, Price, ModelYear) VALUES ("27","1","Honda","Activa 5g","85000","2018");
INSERT INTO Vehicle(DealershipID, BrandID, Make, Model, Price, ModelYear) VALUES ("28","1","Honda","Activa 6g","105000","2022");
INSERT INTO Vehicle(DealershipID, BrandID, Make, Model, Price, ModelYear) VALUES ("28","1","Honda","Scoopy","73000","2019");
INSERT INTO Vehicle(DealershipID, BrandID, Make, Model, Price, ModelYear) VALUES ("19","1","Honda","Scoopy","73000","2019");
INSERT INTO Vehicle(DealershipID, BrandID, Make, Model, Price, ModelYear) VALUES ("16","1","Honda","Cliq","60000","2018");
INSERT INTO Vehicle(DealershipID, BrandID, Make, Model, Price, ModelYear) VALUES ("25","1","Honda","Click","55000","2020");
INSERT INTO Vehicle(DealershipID, BrandID, Make, Model, Price, ModelYear) VALUES ("3","1","Honda","Activa 5g","85000","2018");
INSERT INTO Vehicle(DealershipID, BrandID, Make, Model, Price, ModelYear) VALUES ("8","1","Honda","Activa 5g","85000","2018");
INSERT INTO Vehicle(DealershipID, BrandID, Make, Model, Price, ModelYear) VALUES ("4","1","Honda","Activa 6g","105000","2022");
INSERT INTO Vehicle(DealershipID, BrandID, Make, Model, Price, ModelYear) VALUES ("6","1","Honda","Avaitor","95000","2015");
INSERT INTO Vehicle(DealershipID, BrandID, Make, Model, Price, ModelYear) VALUES ("18","1","Honda","Beat","65000","2010");

#Inserting Data for BrandID 2
INSERT INTO Vehicle(DealershipID, BrandID, Make, Model, Price, ModelYear) VALUES ("1","2","TVS","Jupiter Base","75000","2016");
INSERT INTO Vehicle(DealershipID, BrandID, Make, Model, Price, ModelYear) VALUES ("2","2","TVS","Rockz","68000","2019");
INSERT INTO Vehicle(DealershipID, BrandID, Make, Model, Price, ModelYear) VALUES ("3","2","TVS","Jupiter Classic","74000","2016");
INSERT INTO Vehicle(DealershipID, BrandID, Make, Model, Price, ModelYear) VALUES ("4","2","TVS","Jupiter Classic","74000","2016");
INSERT INTO Vehicle(DealershipID, BrandID, Make, Model, Price, ModelYear) VALUES ("5","2","TVS","Neo XR","65000","2015");
INSERT INTO Vehicle(DealershipID, BrandID, Make, Model, Price, ModelYear) VALUES ("5","2","TVS","Jupiter Zx","55000","2017");
INSERT INTO Vehicle(DealershipID, BrandID, Make, Model, Price, ModelYear) VALUES ("6","2","TVS","Ntorq","110000","2020");
INSERT INTO Vehicle(DealershipID, BrandID, Make, Model, Price, ModelYear) VALUES ("7","2","TVS","wego","63000","2013");
INSERT INTO Vehicle(DealershipID, BrandID, Make, Model, Price, ModelYear) VALUES ("7","2","TVS","Zest","89000","2017");
INSERT INTO Vehicle(DealershipID, BrandID, Make, Model, Price, ModelYear) VALUES ("8","2","TVS","Scooty","55000","2010");
INSERT INTO Vehicle(DealershipID, BrandID, Make, Model, Price, ModelYear) VALUES ("9","2","TVS","Jupiter 125","90000","2021");
INSERT INTO Vehicle(DealershipID, BrandID, Make, Model, Price, ModelYear) VALUES ("11","2","TVS","Jupiter SMW","95000","2019");
INSERT INTO Vehicle(DealershipID, BrandID, Make, Model, Price, ModelYear) VALUES ("10","2","TVS","Jupiter Basic","85000","2018");
INSERT INTO Vehicle(DealershipID, BrandID, Make, Model, Price, ModelYear) VALUES ("12","2","TVS","Jupiter Basic","85000","2018");
INSERT INTO Vehicle(DealershipID, BrandID, Make, Model, Price, ModelYear) VALUES ("14","2","TVS","Jupiter SMW","95000","2019");
INSERT INTO Vehicle(DealershipID, BrandID, Make, Model, Price, ModelYear) VALUES ("13","2","TVS","Jupiter 125","90000","2021");
INSERT INTO Vehicle(DealershipID, BrandID, Make, Model, Price, ModelYear) VALUES ("13","2","TVS","Scooty","55000","2010");
INSERT INTO Vehicle(DealershipID, BrandID, Make, Model, Price, ModelYear) VALUES ("14","2","TVS","Zest","89000","2017");
INSERT INTO Vehicle(DealershipID, BrandID, Make, Model, Price, ModelYear) VALUES ("15","2","TVS","wego","63000","2013");
INSERT INTO Vehicle(DealershipID, BrandID, Make, Model, Price, ModelYear) VALUES ("16","2","TVS","Ntorq","110000","2020");
INSERT INTO Vehicle(DealershipID, BrandID, Make, Model, Price, ModelYear) VALUES ("17","2","TVS","Jupiter Zx","55000","2017");
INSERT INTO Vehicle(DealershipID, BrandID, Make, Model, Price, ModelYear) VALUES ("17","2","TVS","Neo XR","65000","2015");
INSERT INTO Vehicle(DealershipID, BrandID, Make, Model, Price, ModelYear) VALUES ("18","2","TVS","Jupiter Classic","74000","2016");
INSERT INTO Vehicle(DealershipID, BrandID, Make, Model, Price, ModelYear) VALUES ("18","2","TVS","Rockz","68000","2019");
INSERT INTO Vehicle(DealershipID, BrandID, Make, Model, Price, ModelYear) VALUES ("18","2","TVS","Jupiter Base","75000","2016");
INSERT INTO Vehicle(DealershipID, BrandID, Make, Model, Price, ModelYear) VALUES ("19","2","TVS","Jupiter Classic","74000","2016");
INSERT INTO Vehicle(DealershipID, BrandID, Make, Model, Price, ModelYear) VALUES ("20","2","TVS","Jupiter Zx","55000","2017");
INSERT INTO Vehicle(DealershipID, BrandID, Make, Model, Price, ModelYear) VALUES ("21","2","TVS","wego","63000","2013");
INSERT INTO Vehicle(DealershipID, BrandID, Make, Model, Price, ModelYear) VALUES ("21","2","TVS","Scooty","55000","2010");
INSERT INTO Vehicle(DealershipID, BrandID, Make, Model, Price, ModelYear) VALUES ("21","2","TVS","Jupiter SMW","95000","2019");
INSERT INTO Vehicle(DealershipID, BrandID, Make, Model, Price, ModelYear) VALUES ("22","2","TVS","Jupiter Basic","85000","2018");
INSERT INTO Vehicle(DealershipID, BrandID, Make, Model, Price, ModelYear) VALUES ("23","2","TVS","Jupiter 125","90000","2021");
INSERT INTO Vehicle(DealershipID, BrandID, Make, Model, Price, ModelYear) VALUES ("24","2","TVS","Zest","89000","2017");
INSERT INTO Vehicle(DealershipID, BrandID, Make, Model, Price, ModelYear) VALUES ("24","2","TVS","Ntorq","110000","2020");
INSERT INTO Vehicle(DealershipID, BrandID, Make, Model, Price, ModelYear) VALUES ("25","2","TVS","Ntroq","110000","2020");
INSERT INTO Vehicle(DealershipID, BrandID, Make, Model, Price, ModelYear) VALUES ("26","2","TVS","Neo XR","65000","2015");
INSERT INTO Vehicle(DealershipID, BrandID, Make, Model, Price, ModelYear) VALUES ("27","2","TVS","Rockz","68000","2019");
INSERT INTO Vehicle(DealershipID, BrandID, Make, Model, Price, ModelYear) VALUES ("28","2","TVS","Jupiter Base","75000","2016");
INSERT INTO Vehicle(DealershipID, BrandID, Make, Model, Price, ModelYear) VALUES ("15","2","TVS","Neo XR","65000","2015");
INSERT INTO Vehicle(DealershipID, BrandID, Make, Model, Price, ModelYear) VALUES ("17","2","TVS","wego","63000","2013");
INSERT INTO Vehicle(DealershipID, BrandID, Make, Model, Price, ModelYear) VALUES ("1","2","TVS","Jupiter 125","90000","2021");
INSERT INTO Vehicle(DealershipID, BrandID, Make, Model, Price, ModelYear) VALUES ("6","2","TVS","Jupiter Base","75000","2016");
INSERT INTO Vehicle(DealershipID, BrandID, Make, Model, Price, ModelYear) VALUES ("6","2","TVS","Jupiter Zx","55000","2017");
INSERT INTO Vehicle(DealershipID, BrandID, Make, Model, Price, ModelYear) VALUES ("7","2","TVS","Scooty","55000","2010");
INSERT INTO Vehicle(DealershipID, BrandID, Make, Model, Price, ModelYear) VALUES ("4","2","TVS","Jupiter Base","75000","2016");
INSERT INTO Vehicle(DealershipID, BrandID, Make, Model, Price, ModelYear) VALUES ("5","2","TVS","Ntorq","110000","2020");
INSERT INTO Vehicle(DealershipID, BrandID, Make, Model, Price, ModelYear) VALUES ("18","2","TVS","Jupiter SMW","95000","2019");
INSERT INTO Vehicle(DealershipID, BrandID, Make, Model, Price, ModelYear) VALUES ("13","2","TVS","Neo XR","65000","2015");
INSERT INTO Vehicle(DealershipID, BrandID, Make, Model, Price, ModelYear) VALUES ("10","2","TVS","Jupiter 125","90000","2021");
INSERT INTO Vehicle(DealershipID, BrandID, Make, Model, Price, ModelYear) VALUES ("22","2","TVS","Neo XR","65000","2015");
INSERT INTO Vehicle(DealershipID, BrandID, Make, Model, Price, ModelYear) VALUES ("20","2","TVS","Jupiter SMW","95000","2019");
INSERT INTO Vehicle(DealershipID, BrandID, Make, Model, Price, ModelYear) VALUES ("17","2","TVS","Jupiter Zx","55000","2017");
INSERT INTO Vehicle(DealershipID, BrandID, Make, Model, Price, ModelYear) VALUES ("4","2","TVS","Jupiter Base","75000","2016");
INSERT INTO Vehicle(DealershipID, BrandID, Make, Model, Price, ModelYear) VALUES ("7","2","TVS","Jupiter Basic","85000","2018");
INSERT INTO Vehicle(DealershipID, BrandID, Make, Model, Price, ModelYear) VALUES ("9","2","TVS","Ntorq","110000","2020");
INSERT INTO Vehicle(DealershipID, BrandID, Make, Model, Price, ModelYear) VALUES ("11","2","TVS","Ntorq","110000","2020");


#Inserting Data into Manager
SELECT * FROM Manager;
INSERT INTO Manager(DealershipID, BrandID, MFirstName, MLastName, Salary, Bonus) VALUES("1", "1", "Sadaf", "Latif", 102000, 2000);
INSERT INTO Manager(DealershipID, BrandID, MFirstName, MLastName, Salary, Bonus) VALUES("10", "2", "Rahul", "Verma", 107000, 3000);
INSERT INTO Manager(DealershipID, BrandID, MFirstName, MLastName, Salary, Bonus) VALUES("15", "1", "Abhishek", "Jha", 112000, 1000);
INSERT INTO Manager(DealershipID, BrandID, MFirstName, MLastName, Salary, Bonus) VALUES("4", "2", "Priyanka", "Kanojia", 134000, null);
INSERT INTO Manager(DealershipID, BrandID, MFirstName, MLastName, Salary, Bonus) VALUES("6", "1", "Mahesh", "Singh", 1230000, 6000);
INSERT INTO Manager(DealershipID, BrandID, MFirstName, MLastName, Salary, Bonus) VALUES("18", "2", "Yash", "Singh", 157000, 2500);
INSERT INTO Manager(DealershipID, BrandID, MFirstName, MLastName, Salary, Bonus) VALUES("24", "1", "Riya", "Sharma", 147000, 500);
INSERT INTO Manager(DealershipID, BrandID, MFirstName, MLastName, Salary, Bonus) VALUES("18", "1", "Manoj", "Kumar", 245000, 1000);
INSERT INTO Manager(DealershipID, BrandID, MFirstName, MLastName, Salary, Bonus) VALUES("15", "1", "karan", "Yadav", 100000, 2000);
INSERT INTO Manager(DealershipID, BrandID, MFirstName, MLastName, Salary, Bonus) VALUES("17", "2", "Nikita", "kumari", 250000, 1200);
INSERT INTO Manager(DealershipID, BrandID, MFirstName, MLastName, Salary, Bonus) VALUES("20", "1", "Akash", "Singh", 154000, Null);
INSERT INTO Manager(DealershipID, BrandID, MFirstName, MLastName, Salary, Bonus) VALUES("9", "2", "Soham", "Mishra", 1230000, 3000);
INSERT INTO Manager(DealershipID, BrandID, MFirstName, MLastName, Salary, Bonus) VALUES("19", "1", "Vivek", "Prateek",1730000, 2000);
INSERT INTO Manager(DealershipID, BrandID, MFirstName, MLastName, Salary, Bonus) VALUES("12", "2", "Vaibhav", "Arora", 1560000, NULL);
INSERT INTO Manager(DealershipID, BrandID, MFirstName, MLastName, Salary, Bonus) VALUES("3", "1", "Kunal", "Singh", 156000, 1000);
INSERT INTO Manager(DealershipID, BrandID, MFirstName, MLastName, Salary, Bonus) VALUES("27", "2", "Sanjay", "Shhukla", 165000, 2000);
INSERT INTO Manager(DealershipID, BrandID, MFirstName, MLastName, Salary, Bonus) VALUES("24", "1", "Rashmi", "Parth", 120000, 200);
INSERT INTO Manager(DealershipID, BrandID, MFirstName, MLastName, Salary, Bonus) VALUES("16", "2", "Rutuja", "kuamri", 130000, 2000);
INSERT INTO Manager(DealershipID, BrandID, MFirstName, MLastName, Salary, Bonus) VALUES("8", "1", "Nishita", "Kaur", 120000, 10000);
INSERT INTO Manager(DealershipID, BrandID, MFirstName, MLastName, Salary, Bonus) VALUES("22", "2", "Anil", "Kumar", 167000, 2400);

#Inserting data into Table Sales Agent
SELECT * FROM Sales_Agent;
  INSERT INTO Sales_Agent (ManagerID, DealershipID, AFirstName, ALastName, Salary) VALUES (1, 1, 'Imran', 'Nazir', 59000);
  INSERT INTO Sales_Agent (ManagerID, DealershipID, AFirstName, ALastName, Salary) VALUES (2, 10, 'Rahul', 'Vadiya', 51000);
  INSERT INTO Sales_Agent (ManagerID, DealershipID, AFirstName, ALastName, Salary) VALUES (3, 15, 'Rohit', 'Aggarwal', 52500);
  INSERT INTO Sales_Agent (ManagerID, DealershipID, AFirstName, ALastName, Salary) VALUES (1, 4, 'Iqbal', 'Azad', 50500);
  INSERT INTO Sales_Agent (ManagerID, DealershipID, AFirstName, ALastName, Salary) VALUES (4, 6, 'Sara', 'Jamwal', 54500);
  INSERT INTO Sales_Agent (ManagerID, DealershipID, AFirstName, ALastName, Salary) VALUES (5, 18, 'Andrew', 'Harris', 61500);
  INSERT INTO Sales_Agent (ManagerID, DealershipID, AFirstName, ALastName, Salary) VALUES (5, 24, 'Ava', 'Thomas', 59000);
  INSERT INTO Sales_Agent (ManagerID, DealershipID, AFirstName, ALastName, Salary) VALUES(6, 18, 'Aarav', 'Sharma', 50000);
  INSERT INTO Sales_Agent (ManagerID, DealershipID, AFirstName, ALastName, Salary) VALUES(7, 15, 'Aditi', 'Patel', 55000);
  INSERT INTO Sales_Agent (ManagerID, DealershipID, AFirstName, ALastName, Salary) VALUES(8, 17, 'Aryan', 'Singh', 60000);
  INSERT INTO Sales_Agent (ManagerID, DealershipID, AFirstName, ALastName, Salary) VALUES(9, 20, 'Ananya', 'Verma', 52000);
  INSERT INTO Sales_Agent (ManagerID, DealershipID, AFirstName, ALastName, Salary) VALUES(10, 9, 'Arjun', 'Gupta', 53000);
  INSERT INTO Sales_Agent (ManagerID, DealershipID, AFirstName, ALastName, Salary) VALUES(11, 19, 'Ishita', 'Yadav', 58000);
  INSERT INTO Sales_Agent (ManagerID, DealershipID, AFirstName, ALastName, Salary) VALUES(12, 12, 'Kiran', 'Kumar', 56000);
  INSERT INTO Sales_Agent (ManagerID, DealershipID, AFirstName, ALastName, Salary) VALUES(13, 3, 'Neha', 'Pandey', 54000);
  INSERT INTO Sales_Agent (ManagerID, DealershipID, AFirstName, ALastName, Salary) VALUES(14, 27, 'Rohan', 'Mishra', 57000);
  INSERT INTO Sales_Agent (ManagerID, DealershipID, AFirstName, ALastName, Salary) VALUES(15, 24, 'Shreya', 'Choudhary', 59000);
  INSERT INTO Sales_Agent (ManagerID, DealershipID, AFirstName, ALastName, Salary) VALUES(16, 16, 'Vikram', 'Rajput', 51000);
  INSERT INTO Sales_Agent (ManagerID, DealershipID, AFirstName, ALastName, Salary) VALUES(17, 8, 'Anika', 'Saxena', 52500);
  INSERT INTO Sales_Agent (ManagerID, DealershipID, AFirstName, ALastName, Salary) VALUES(18, 22, 'Ritika', 'Joshi', 50500);
  INSERT INTO Sales_Agent (ManagerID, DealershipID, AFirstName, ALastName, Salary) VALUES(19, 22, 'Abhinav', 'Malik', 54500);
  INSERT INTO Sales_Agent (ManagerID, DealershipID, AFirstName, ALastName, Salary) VALUES(20, 8, 'Anushka', 'Bansal', 61500);
  INSERT INTO Sales_Agent (ManagerID, DealershipID, AFirstName, ALastName, Salary) VALUES(2, 16, 'Ayush', 'Kapoor', 59000);
  INSERT INTO Sales_Agent (ManagerID, DealershipID, AFirstName, ALastName, Salary) VALUES(4, 24, 'Kavya', 'Nair', 50000);
  INSERT INTO Sales_Agent (ManagerID, DealershipID, AFirstName, ALastName, Salary) VALUES(5, 27, 'Rahul', 'Menon', 55000);
  INSERT INTO Sales_Agent (ManagerID, DealershipID, AFirstName, ALastName, Salary) VALUES(7, 3, 'Nisha', 'Iyer', 60000);
  INSERT INTO Sales_Agent (ManagerID, DealershipID, AFirstName, ALastName, Salary) VALUES(3, 12, 'Karan', 'Rao', 52000);
  INSERT INTO Sales_Agent (ManagerID, DealershipID, AFirstName, ALastName, Salary) VALUES(5, 19, 'Priya', 'Kulkarni', 53000);
  INSERT INTO Sales_Agent (ManagerID, DealershipID, AFirstName, ALastName, Salary) VALUES(2, 9, 'Rohit', 'Shah', 58000);
  INSERT INTO Sales_Agent (ManagerID, DealershipID, AFirstName, ALastName, Salary) VALUES(10, 20, 'Divya', 'Krishnan', 56000);
  INSERT INTO Sales_Agent (ManagerID, DealershipID, AFirstName, ALastName, Salary) VALUES(15, 17, 'Suresh', 'Thakur', 54000);
  INSERT INTO Sales_Agent (ManagerID, DealershipID, AFirstName, ALastName, Salary) VALUES(17, 15, 'Meera', 'Pillai', 57000);
  INSERT INTO Sales_Agent (ManagerID, DealershipID, AFirstName, ALastName, Salary) VALUES(20, 18, 'Vijay', 'Deshpande', 59000);
  INSERT INTO Sales_Agent (ManagerID, DealershipID, AFirstName, ALastName, Salary) VALUES(14, 24, 'Ishaan', 'Reddy', 51000);
  INSERT INTO Sales_Agent (ManagerID, DealershipID, AFirstName, ALastName, Salary) VALUES(4, 18, 'Anjali', 'Gandhi', 52500);
  INSERT INTO Sales_Agent (ManagerID, DealershipID, AFirstName, ALastName, Salary) VALUES(1, 4, 'Amit', 'Malhotra', 50500);
  INSERT INTO Sales_Agent (ManagerID, DealershipID, AFirstName, ALastName, Salary) VALUES(2, 15, 'Anita', 'Chopra', 54500);
  INSERT INTO Sales_Agent (ManagerID, DealershipID, AFirstName, ALastName, Salary) VALUES(3, 10, 'Prakash', 'Mukherjee', 61500);
  INSERT INTO Sales_Agent (ManagerID, DealershipID, AFirstName, ALastName, Salary) VALUES(4, 1, 'Tanvi', 'Kohli', 59000);
  
  #Inserting Data into Customer Table
  SELECT * FROM customer;
  INSERT INTO Customer (AgentID, CFirstName, CLastName, Phone_Number, Email) VALUES(1, 'Rajesh', 'Gupta', '+919876543210', 'rajesh.gupta@email.com');
  INSERT INTO Customer (AgentID, CFirstName, CLastName, Phone_Number, Email) VALUES(2, 'Sneha', 'Sharma', '+918765432109', 'sneha.sharma@email.com');
  INSERT INTO Customer (AgentID, CFirstName, CLastName, Phone_Number, Email) VALUES(3, 'Amit', 'Verma', '+917654321098', 'amit.verma@email.com');
  INSERT INTO Customer (AgentID, CFirstName, CLastName, Phone_Number, Email) VALUES(4, 'Pooja', 'Singh', '+916543210987', 'pooja.singh@email.com');
  INSERT INTO Customer (AgentID, CFirstName, CLastName, Phone_Number, Email) VALUES (5, 'Vivek', 'Chopra', '+917890123456', 'vivek.chopra@email.com');
  INSERT INTO Customer (AgentID, CFirstName, CLastName, Phone_Number, Email) VALUES (10, 'Neha', 'Malhotra', '+918901234567', 'neha.malhotra@email.com');
  INSERT INTO Customer (AgentID, CFirstName, CLastName, Phone_Number, Email) VALUES (11, 'Kunal', 'Bose', '+919012345678', 'kunal.bose@email.com');
  INSERT INTO Customer (AgentID, CFirstName, CLastName, Phone_Number, Email) VALUES(12, 'Anjali', 'Nair', '+911234567890', 'anjali.nair@email.com');
  INSERT INTO Customer (AgentID, CFirstName, CLastName, Phone_Number, Email) VALUES(13, 'Sanjay', 'Rajput', '+912345678901', 'sanjay.rajput@email.com');
  INSERT INTO Customer (AgentID, CFirstName, CLastName, Phone_Number, Email) VALUES(14, 'Ritu', 'Kumar', '+913456789012', 'ritu.kumar@email.com');
  INSERT INTO Customer (AgentID, CFirstName, CLastName, Phone_Number, Email) VALUES(15, 'Rakesh', 'Shah', '+914567890123', 'rakesh.shah@email.com');
  INSERT INTO Customer (AgentID, CFirstName, CLastName, Phone_Number, Email) VALUES(20, 'Suman', 'Rao', '+915678901234', 'suman.rao@email.com');
  INSERT INTO Customer (AgentID, CFirstName, CLastName, Phone_Number, Email) VALUES(21, 'Amitabh', 'Srivastava', '+919876543210', 'amitabh.srivastava@email.com');
  INSERT INTO Customer (AgentID, CFirstName, CLastName, Phone_Number, Email) VALUES(22, 'Shikha', 'Raj', '+918765432109', 'shikha.raj@email.com');
  INSERT INTO Customer (AgentID, CFirstName, CLastName, Phone_Number, Email) VALUES(23, 'Rahul', 'Mehta', '+917654321098', 'rahul.mehta@email.com');
  INSERT INTO Customer (AgentID, CFirstName, CLastName, Phone_Number, Email) VALUES(24, 'Preeti', 'Dutta', '+916543210987', 'preeti.dutta@email.com');
  INSERT INTO Customer (AgentID, CFirstName, CLastName, Phone_Number, Email) VALUES(25, 'Vikas', 'Bhat', '+917890123456', 'vikas.bhat@email.com');
  INSERT INTO Customer (AgentID, CFirstName, CLastName, Phone_Number, Email) VALUES(26, 'Ananya', 'Kapoor', '+918901234567', 'ananya.kapoor@email.com');
  INSERT INTO Customer (AgentID, CFirstName, CLastName, Phone_Number, Email) VALUES(27, 'Rajat', 'Joshi', '+919012345678', 'rajat.joshi@email.com');
  INSERT INTO Customer (AgentID, CFirstName, CLastName, Phone_Number, Email) VALUES(28, 'Riya', 'Agarwal', '+911234567890', 'riya.agarwal@email.com');
  INSERT INTO Customer (AgentID, CFirstName, CLastName, Phone_Number, Email) VALUES(29, 'Avinash', 'Reddy', '+912345678901', 'avinash.reddy@email.com');
  INSERT INTO Customer (AgentID, CFirstName, CLastName, Phone_Number, Email) VALUES(30, 'Radhika', 'Nanda', '+913456789012', 'radhika.nanda@email.com');
  INSERT INTO Customer (AgentID, CFirstName, CLastName, Phone_Number, Email) VALUES(35, 'Varun', 'Kulkarni', '+914567890123', 'varun.kulkarni@email.com');
  INSERT INTO Customer (AgentID, CFirstName, CLastName, Phone_Number, Email) VALUES(36, 'Nidhi', 'Sharma', '+915678901234', 'nidhi.sharma@email.com');
  INSERT INTO Customer (AgentID, CFirstName, CLastName, Phone_Number, Email) VALUES(37, 'Kumar', 'Trivedi', '+916789012345', 'kumar.trivedi@email.com');
  INSERT INTO Customer (AgentID, CFirstName, CLastName, Phone_Number, Email) VALUES(38, 'Simran', 'Malik', '+917890123456', 'simran.malik@email.com');
  INSERT INTO Customer (AgentID, CFirstName, CLastName, Phone_Number, Email) VALUES(39, 'Aarohi', 'Desai', '+918901234567', 'aarohi.desai@email.com');
  INSERT INTO Customer (AgentID, CFirstName, CLastName, Phone_Number, Email) VALUES(6, 'Rohit', 'Nair', '+919012345678', 'rohit.nair@email.com');
  INSERT INTO Customer (AgentID, CFirstName, CLastName, Phone_Number, Email) VALUES(7, 'Anusha', 'Kapoor', '+912345678901', 'anusha.kapoor@email.com');
  INSERT INTO Customer (AgentID, CFirstName, CLastName, Phone_Number, Email) VALUES(8, 'Vishal', 'Sharma', '+913456789012', 'vishal.sharma@email.com');
  INSERT INTO Customer (AgentID, CFirstName, CLastName, Phone_Number, Email) VALUES(9, 'Pallavi', 'Reddy', '+914567890123', 'pallavi.reddy@email.com');
  INSERT INTO Customer (AgentID, CFirstName, CLastName, Phone_Number, Email) VALUES(10, 'Arjun', 'Mishra', '+915678901234', 'arjun.mishra@email.com');
  INSERT INTO Customer (AgentID, CFirstName, CLastName, Phone_Number, Email) VALUES(16, 'Ritu', 'Shah', '+916789012345', 'ritu.shah@email.com');
  INSERT INTO Customer (AgentID, CFirstName, CLastName, Phone_Number, Email) VALUES(17, 'Amit', 'Mukherjee', '+917890123456', 'amit.mukherjee@email.com');
  INSERT INTO Customer (AgentID, CFirstName, CLastName, Phone_Number, Email) VALUES(18, 'Ishita', 'Bansal', '+918901234567', 'ishita.bansal@email.com');
  INSERT INTO Customer (AgentID, CFirstName, CLastName, Phone_Number, Email) VALUES(19, 'Rahul', 'Gandhi', '+919012345678', 'rahul.gandhi@email.com');
  INSERT INTO Customer (AgentID, CFirstName, CLastName, Phone_Number, Email) VALUES(20, 'Swati', 'Jain', '+912345678901', 'swati.jain@email.com');
  INSERT INTO Customer (AgentID, CFirstName, CLastName, Phone_Number, Email) VALUES(26, 'Vikram', 'Rai', '+913456789012', 'vikram.rai@email.com');
  INSERT INTO Customer (AgentID, CFirstName, CLastName, Phone_Number, Email) VALUES(31, 'Deepak', 'Agarwal', '+914567890123', 'deepak.agarwal@email.com');
  INSERT INTO Customer (AgentID, CFirstName, CLastName, Phone_Number, Email) VALUES(35, 'Neha', 'Shukla', '+915678901234', 'neha.shukla@email.com');
  INSERT INTO Customer (AgentID, CFirstName, CLastName, Phone_Number, Email) VALUES(39, 'Rajat', 'Chopra', '+916789012345', 'rajat.chopra@email.com');
  INSERT INTO Customer (AgentID, CFirstName, CLastName, Phone_Number, Email) VALUES(4, 'Jyoti', 'Yadav', '+917890123456', 'jyoti.yadav@email.com');
  INSERT INTO Customer (AgentID, CFirstName, CLastName, Phone_Number, Email) VALUES(10, 'Vivek', 'Thakur', '+918901234567', 'vivek.thakur@email.com');
  INSERT INTO Customer (AgentID, CFirstName, CLastName, Phone_Number, Email) VALUES(16, 'Sneha', 'Mishra', '+919012345678', 'sneha.mishra@email.com');
  INSERT INTO Customer (AgentID, CFirstName, CLastName, Phone_Number, Email) VALUES(11, 'Pranav', 'Bansal', '+919876543210', 'pranav.bansal@email.com');
  INSERT INTO Customer (AgentID, CFirstName, CLastName, Phone_Number, Email) VALUES (33, 'Ishika', 'Rathore', '+918765432109', 'ishika.rathore@email.com');
  INSERT INTO Customer (AgentID, CFirstName, CLastName, Phone_Number, Email) VALUES(38, 'Anirudh', 'Pandey', '+917654321098', 'anirudh.pandey@email.com');
  INSERT INTO Customer (AgentID, CFirstName, CLastName, Phone_Number, Email) VALUES(4, 'Kirti', 'Rai', '+916543210987', 'kirti.rai@email.com');
  INSERT INTO Customer (AgentID, CFirstName, CLastName, Phone_Number, Email) VALUES(9, 'Aaditya', 'Verma', '+917890123456', 'aaditya.verma@email.com');
  INSERT INTO Customer (AgentID, CFirstName, CLastName, Phone_Number, Email) VALUES(22, 'Aradhya', 'Kumar', '+918901234567', 'aradhya.kumar@email.com');
  INSERT INTO Customer (AgentID, CFirstName, CLastName, Phone_Number, Email) VALUES(26, 'Harshita', 'Rajput', '+919012345678', 'harshita.rajput@email.com');
  INSERT INTO Customer (AgentID, CFirstName, CLastName, Phone_Number, Email) VALUES(30, 'Rohan', 'Yadav', '+911234567890', 'rohan.yadav@email.com');
  INSERT INTO Customer (AgentID, CFirstName, CLastName, Phone_Number, Email) VALUES(31, 'Shreya', 'Sharma', '+912345678901', 'shreya.sharma@email.com');
  INSERT INTO Customer (AgentID, CFirstName, CLastName, Phone_Number, Email) VALUES(25, 'Kabir', 'Agarwal', '+913456789012', 'kabir.agarwal@email.com');
  INSERT INTO Customer (AgentID, CFirstName, CLastName, Phone_Number, Email) VALUES(31, 'Tanvi', 'Gupta', '+914567890123', 'tanvi.gupta@email.com');
  INSERT INTO Customer (AgentID, CFirstName, CLastName, Phone_Number, Email) VALUES(14, 'Aryan', 'Singhal', '+915678901234', 'aryan.singhal@email.com');
  INSERT INTO Customer (AgentID, CFirstName, CLastName, Phone_Number, Email) VALUES(18, 'Ria', 'Mishra', '+916789012345', 'ria.mishra@email.com');
  INSERT INTO Customer (AgentID, CFirstName, CLastName, Phone_Number, Email) VALUES(19, 'Aarav', 'Verma', '+917890123456', 'aarav.verma@email.com');
  INSERT INTO Customer (AgentID, CFirstName, CLastName, Phone_Number, Email) VALUES(11, 'Meera', 'Shah', '+918901234567', 'meera.shah@email.com');
  INSERT INTO Customer (AgentID, CFirstName, CLastName, Phone_Number, Email) VALUES(9, 'Vihaan', 'Agarwal', '+919012345678', 'vihaan.agarwal@email.com');
  INSERT INTO Customer (AgentID, CFirstName, CLastName, Phone_Number, Email) VALUES(1, 'Avni', 'Yadav', '+912345678901', 'avni.yadav@email.com');
  INSERT INTO Customer (AgentID, CFirstName, CLastName, Phone_Number, Email) VALUES(2, 'Arjun', 'Gupta', '+913456789012', 'arjun.gupta@email.com');
  INSERT INTO Customer (AgentID, CFirstName, CLastName, Phone_Number, Email) VALUES(3, 'Sanya', 'Rai', '+914567890123', 'sanya.rai@email.com');
  INSERT INTO Customer (AgentID, CFirstName, CLastName, Phone_Number, Email) VALUES(4, 'Shaurya', 'Joshi', '+915678901234', 'shaurya.joshi@email.com');
  INSERT INTO Customer (AgentID, CFirstName, CLastName, Phone_Number, Email) VALUES(5, 'Ishant', 'Srivastava', '+916789012345', 'ishant.srivastava@email.com');
  INSERT INTO Customer (AgentID, CFirstName, CLastName, Phone_Number, Email) VALUES(10, 'Dia', 'Chopra', '+917890123456', 'dia.chopra@email.com');
  INSERT INTO Customer (AgentID, CFirstName, CLastName, Phone_Number, Email) VALUES(15, 'Zayan', 'Nair', '+918901234567', 'zayan.nair@email.com');
  INSERT INTO Customer (AgentID, CFirstName, CLastName, Phone_Number, Email) VALUES (20, 'Saanvi', 'Kapoor', '+919012345678', 'saanvi.kapoor@email.com');
  
  #Inserting Data into Insaurance Table
  SELECT * FROM Insaurance;
  INSERT INTO Insaurance (PolicyType, RenewalDate) VALUES ('Liability Insurance', STR_TO_DATE('15-11-2023', '%d-%m-%Y'));
  INSERT INTO Insaurance (PolicyType, RenewalDate) VALUES('Full Coverage Insurance', STR_TO_DATE('15-11-2023', '%d-%m-%Y'));
  INSERT INTO Insaurance (PolicyType, RenewalDate) VALUES('Liability Insurance', STR_TO_DATE('15-11-2023', '%d-%m-%Y'));
  INSERT INTO Insaurance (PolicyType, RenewalDate) VALUES('Full Coverage Insurance', STR_TO_DATE('15-11-2023', '%d-%m-%Y'));
  INSERT INTO Insaurance (PolicyType, RenewalDate) VALUES('Liability Insurance', STR_TO_DATE('15-11-2023', '%d-%m-%Y'));
  INSERT INTO Insaurance (PolicyType, RenewalDate) VALUES('Full Coverage Insurance', STR_TO_DATE('15-11-2023', '%d-%m-%Y'));
  INSERT INTO Insaurance (PolicyType, RenewalDate) VALUES('Liability Insurance', STR_TO_DATE('15-11-2023', '%d-%m-%Y'));
  INSERT INTO Insaurance (PolicyType, RenewalDate) VALUES('Full Coverage Insurance', STR_TO_DATE('15-11-2023', '%d-%m-%Y'));
  INSERT INTO Insaurance (PolicyType, RenewalDate) VALUES ('Liability Insurance', STR_TO_DATE('15-11-2023', '%d-%m-%Y'));
  INSERT INTO Insaurance (PolicyType, RenewalDate) VALUES('Full Coverage Insurance', STR_TO_DATE('15-11-2023', '%d-%m-%Y'));
  INSERT INTO Insaurance (PolicyType, RenewalDate) VALUES('Liability Insurance', STR_TO_DATE('15-11-2023', '%d-%m-%Y'));
  INSERT INTO Insaurance (PolicyType, RenewalDate) VALUES('Full Coverage Insurance', STR_TO_DATE('15-11-2023', '%d-%m-%Y'));
  INSERT INTO Insaurance (PolicyType, RenewalDate) VALUES('Liability Insurance', STR_TO_DATE('15-11-2023', '%d-%m-%Y'));
  INSERT INTO Insaurance (PolicyType, RenewalDate) VALUES('Full Coverage Insurance',STR_TO_DATE('15-11-2023', '%d-%m-%Y'));
  INSERT INTO Insaurance (PolicyType, RenewalDate) VALUES('Liability Insurance', STR_TO_DATE('15-11-2023', '%d-%m-%Y'));
  INSERT INTO Insaurance (PolicyType, RenewalDate) VALUES('Full Coverage Insurance', STR_TO_DATE('15-11-2023', '%d-%m-%Y'));
  
  # INserting data into Table "Deal"
  SELECT * FROM Deal;
    INSERT INTO Deal (VehicleID,AgentID,CustomerID,InsauranceID,DealDate) VALUES(100, 10, 65, null, STR_TO_DATE('15-11-2022', '%d-%m-%Y'));
    INSERT INTO Deal (VehicleID,AgentID,CustomerID,InsauranceID,DealDate) VALUES(90, 18, 60, 16, STR_TO_DATE('01-12-2022', '%d-%m-%Y'));
    INSERT INTO Deal (VehicleID,AgentID,CustomerID,InsauranceID,DealDate) VALUES(80, 26, 55, null, STR_TO_DATE('30-11-2022', '%d-%m-%Y'));
    INSERT INTO Deal (VehicleID,AgentID,CustomerID,InsauranceID,DealDate) VALUES(70, 34, 50, 15, STR_TO_DATE('10-12-2022', '%d-%m-%Y'));
    INSERT INTO Deal (VehicleID,AgentID,CustomerID,InsauranceID,DealDate) VALUES(60, 2, 45, null, STR_TO_DATE('20-12-2022', '%d-%m-%Y'));
    INSERT INTO Deal (VehicleID,AgentID,CustomerID,InsauranceID,DealDate) VALUES(50, 10, 40, 14, STR_TO_DATE('25-11-2022', '%d-%m-%Y'));
    INSERT INTO Deal (VehicleID,AgentID,CustomerID,InsauranceID,DealDate) VALUES(40, 18, 35, null, STR_TO_DATE('02-12-2022', '%d-%m-%Y'));
    INSERT INTO Deal (VehicleID,AgentID,CustomerID,InsauranceID,DealDate) VALUES(30, 26, 30, 13, STR_TO_DATE('18-12-2022', '%d-%m-%Y'));
    INSERT INTO Deal (VehicleID,AgentID,CustomerID,InsauranceID,DealDate) VALUES(20, 34, 25, null, STR_TO_DATE('08-11-2022', '%d-%m-%Y'));
    INSERT INTO Deal (VehicleID,AgentID,CustomerID,InsauranceID,DealDate) VALUES(10, 4, 20, 12, STR_TO_DATE('13-12-2022', '%d-%m-%Y'));
    INSERT INTO Deal (VehicleID,AgentID,CustomerID,InsauranceID,DealDate) VALUES(16, 14, 15, null, STR_TO_DATE('27-11-2022', '%d-%m-%Y'));
    INSERT INTO Deal (VehicleID,AgentID,CustomerID,InsauranceID,DealDate) VALUES(22, 24, 10, 11, STR_TO_DATE('05-12-2022', '%d-%m-%Y'));
    INSERT INTO Deal (VehicleID,AgentID,CustomerID,InsauranceID,DealDate) VALUES(28, 34, 5, null, STR_TO_DATE('22-11-2022', '%d-%m-%Y'));
    INSERT INTO Deal (VehicleID,AgentID,CustomerID,InsauranceID,DealDate) VALUES(34, 39, 1, 10, STR_TO_DATE('17-12-2022', '%d-%m-%Y'));
    INSERT INTO Deal (VehicleID,AgentID,CustomerID,InsauranceID,DealDate) VALUES(40, 3, 4, null, STR_TO_DATE('30-11-2022', '%d-%m-%Y'));
    INSERT INTO Deal (VehicleID,AgentID,CustomerID,InsauranceID,DealDate) VALUES(46, 6, 7, 9, STR_TO_DATE('10-12-2022', '%d-%m-%Y'));
    INSERT INTO Deal (VehicleID,AgentID,CustomerID,InsauranceID,DealDate) VALUES(52, 9, 11, null, STR_TO_DATE('28-11-2022', '%d-%m-%Y'));
    INSERT INTO Deal (VehicleID,AgentID,CustomerID,InsauranceID,DealDate) VALUES(58, 12, 14, 8, STR_TO_DATE('14-12-2022', '%d-%m-%Y'));
    INSERT INTO Deal (VehicleID,AgentID,CustomerID,InsauranceID,DealDate) VALUES(64, 15, 17, null, STR_TO_DATE('01-12-2022', '%d-%m-%Y'));
    INSERT INTO Deal (VehicleID,AgentID,CustomerID,InsauranceID,DealDate) VALUES(70, 18, 21, 7, STR_TO_DATE('12-12-2022', '%d-%m-%Y'));
    INSERT INTO Deal (VehicleID,AgentID,CustomerID,InsauranceID,DealDate) VALUES(60, 21, 24, null, STR_TO_DATE('15-11-2021', '%d-%m-%Y'));
    INSERT INTO Deal (VehicleID,AgentID,CustomerID,InsauranceID,DealDate) VALUES(20, 24, 27, 6, STR_TO_DATE('01-12-2021', '%d-%m-%Y'));
    INSERT INTO Deal (VehicleID,AgentID,CustomerID,InsauranceID,DealDate) VALUES(10, 27, 31, null, STR_TO_DATE('30-11-2021', '%d-%m-%Y'));
    INSERT INTO Deal (VehicleID,AgentID,CustomerID,InsauranceID,DealDate) VALUES(108, 31, 34, 5, STR_TO_DATE('10-12-2021', '%d-%m-%Y'));
    INSERT INTO Deal (VehicleID,AgentID,CustomerID,InsauranceID,DealDate) VALUES(108, 34, 37, null, STR_TO_DATE('20-12-2021', '%d-%m-%Y'));
    INSERT INTO Deal (VehicleID,AgentID,CustomerID,InsauranceID,DealDate) VALUES(108, 37, 41, 4, STR_TO_DATE('25-11-2021', '%d-%m-%Y'));
    INSERT INTO Deal (VehicleID,AgentID,CustomerID,InsauranceID,DealDate) VALUES(43, 3, 44, null, STR_TO_DATE('02-12-2021', '%d-%m-%Y'));
    INSERT INTO Deal (VehicleID,AgentID,CustomerID,InsauranceID,DealDate) VALUES(44, 8, 47, 3, STR_TO_DATE('18-12-2021', '%d-%m-%Y'));
    INSERT INTO Deal (VehicleID,AgentID,CustomerID,InsauranceID,DealDate) VALUES(43, 16, 51, null, STR_TO_DATE('08-11-2021', '%d-%m-%Y'));
    INSERT INTO Deal (VehicleID,AgentID,CustomerID,InsauranceID,DealDate) VALUES(44, 24, 54, 2, STR_TO_DATE('13-12-2021', '%d-%m-%Y'));
    INSERT INTO Deal (VehicleID,AgentID,CustomerID,InsauranceID,DealDate) VALUES(43, 32, 57, null, STR_TO_DATE('27-11-2021', '%d-%m-%Y'));
    INSERT INTO Deal (VehicleID,AgentID,CustomerID,InsauranceID,DealDate) VALUES(44, 39, 61, 1, STR_TO_DATE('05-12-2021', '%d-%m-%Y'));